Gene,Transcript ID,Protein,WT_tx_full,Protein length,tx length
CDK7,ENST00000256443.8,MALDVKSRAKRYEKLDFLGEGQFATVYKARDKNTNQIVAIKKIKLGHRSEAKDGINRTALREIKLLQELSHPNIIGLLDAFGHKSNISLVFDFMETDLEVIIKDNSLVLTPSHIKAYMLMTLQGLEYLHQHWILHRDLKPNNLLLDENGVLKLADFGLAKSFGSPNRAYTHQVVTRWYRAPELLFGARMYGVGVDMWAVGCILAELLLRVPFLPGDSDLDQLTRIFETLGTPTEEQWPDMCSLPDYVTFKSFPGIPLHHIFSAAGDDLLDLIQGLFLFNPCARITATQALKMKYFSNRPGPTPGCQLPRPNCPVETLKEQSNPALAIKRKRTEALEQGGLPKKLIF,ATGGCTCTGGACGTGAAGTCTCGGGCAAAGCGTTATGAGAAGCTGGACTTCCTTGGGGAGGGACAGTTTGCCACCGTTTACAAGGCCAGAGATAAGAACACCAACCAAATTGTCGCCATTAAGAAAATCAAACTTGGACATAGATCAGAAGCTAAAGATGGTATAAATAGAACCGCCTTAAGAGAGATAAAATTATTACAGGAGCTAAGTCATCCAAATATAATTGGTCTCCTTGATGCTTTTGGACATAAATCTAATATTAGCCTTGTCTTTGATTTTATGGAAACTGATCTAGAGGTTATAATAAAGGATAATAGTCTTGTGCTGACACCATCACACATCAAAGCCTACATGTTGATGACTCTTCAAGGATTAGAATATTTACATCAACATTGGATCCTACATAGGGATCTGAAACCAAACAACTTGTTGCTAGATGAAAATGGAGTTCTAAAACTGGCAGATTTTGGCCTGGCCAAATCTTTTGGGAGCCCCAATAGAGCTTATACACATCAGGTTGTAACCAGGTGGTATCGGGCCCCCGAGTTACTATTTGGAGCTAGGATGTATGGTGTAGGTGTGGACATGTGGGCTGTTGGCTGTATATTAGCAGAGTTACTTCTAAGGGTTCCTTTTTTGCCAGGAGATTCAGACCTTGATCAGCTAACAAGAATATTTGAAACTTTGGGCACACCAACTGAGGAACAGTGGCCGGACATGTGTAGTCTTCCAGATTATGTGACATTTAAGAGTTTCCCTGGAATACCTTTGCATCACATCTTCAGTGCAGCAGGAGACGACTTACTAGATCTCATACAAGGCTTATTCTTATTTAATCCATGTGCTCGAATTACGGCCACACAGGCACTGAAAATGAAGTATTTCAGTAATCGGCCAGGGCCAACACCTGGATGTCAGCTGCCAAGACCAAACTGTCCAGTGGAAACCTTAAAGGAGCAATCAAATCCAGCTTTGGCAATAAAAAGGAAAAGAACAGAGGCCTTAGAACAAGGAGGATTGCCCAAGAAACTAATTTTT,346,1038
CDK8,ENST00000381527.8,MDYDFKVKLSSERERVEDLFEYEGCKVGRGTYGHVYKAKRKDGKDDKDYALKQIEGTGISMSACREIALLRELKHPNVISLQKVFLSHADRKVWLLFDYAEHDLWHIIKFHRASKANKKPVQLPRGMVKSLLYQILDGIHYLHANWVLHRDLKPANILVMGEGPERGRVKIADMGFARLFNSPLKPLADLDPVVVTFWYRAPELLLGARHYTKAIDIWAIGCIFAELLTSEPIFHCRQEDIKTSNPYHHDQLDRIFNVMGFPADKDWEDIKKMPEHSTLMKDFRRNTYTNCSLIKYMEKHKVKPDSKAFHLLQKLLTMDPIKRITSEQAMQDPYFLEDPLPTSDVFAGCQIPYPKREFLTEEEPDDKGDKKNQQQQQGNNHTNGTGHPGNQDSSHTQGPPLKKVRVVPPTTTSGGLIMTSDYQRSNPHAAYPNPGPSTSQPQSSMGYSATSQQPPQYSHQTHRY,ATGGACTATGACTTTAAAGTGAAGCTGAGCAGCGAGCGGGAGCGGGTCGAGGACCTGTTTGAATACGAGGGCTGCAAAGTTGGCCGAGGCACTTATGGTCACGTCTACAAAGCCAAGAGGAAAGATGGGAAGGATGATAAAGACTATGCTTTAAAACAAATAGAAGGAACTGGGATCTCTATGTCGGCATGTAGAGAAATAGCATTACTTCGAGAGCTTAAGCATCCAAACGTCATTTCTCTTCAAAAGGTGTTTCTGTCTCATGCTGATAGGAAGGTGTGGCTTCTGTTTGACTATGCTGAACATGACCTCTGGCATATAATCAAGTTTCACAGAGCTTCTAAAGCAAACAAGAAGCCAGTTCAGTTACCTCGGGGAATGGTGAAGTCACTATTATATCAGATCCTAGATGGTATTCACTACCTGCATGCTAACTGGGTGTTGCACAGAGATTTGAAACCTGCTAATATTTTAGTTATGGGTGAAGGTCCTGAGCGAGGAAGAGTAAAAATTGCTGACATGGGCTTTGCCCGATTATTTAATTCACCTTTGAAGCCTTTAGCAGATTTGGATCCAGTGGTTGTTACATTCTGGTACCGAGCCCCTGAACTACTTCTTGGAGCAAGGCATTATACCAAAGCTATTGATATTTGGGCTATAGGGTGTATATTTGCAGAACTACTAACGTCAGAACCAATATTTCACTGTCGACAAGAGGACATCAAAACTAGTAATCCTTATCACCATGACCAGCTGGACAGAATATTCAATGTAATGGGATTTCCTGCAGATAAAGATTGGGAAGATATAAAAAAGATGCCTGAACATTCAACATTAATGAAAGATTTCAGAAGAAATACGTATACCAACTGCAGCCTTATCAAGTATATGGAAAAACATAAAGTTAAACCAGATAGTAAAGCATTCCACTTGCTTCAGAAGCTGCTTACCATGGACCCAATAAAGCGAATTACCTCAGAACAGGCTATGCAGGACCCCTATTTCTTAGAAGACCCACTTCCTACATCAGACGTTTTTGCCGGTTGTCAAATCCCTTACCCAAAACGAGAATTTTTAACGGAAGAAGAACCTGATGACAAAGGAGACAAAAAGAACCAGCAGCAGCAGCAGGGCAATAACCACACTAATGGAACTGGCCACCCAGGGAATCAAGACAGCAGTCACACACAGGGACCCCCGTTGAAGAAAGTGAGAGTTGTTCCTCCTACCACTACCTCAGGTGGACTTATCATGACCTCAGACTATCAGCGTTCCAATCCACATGCTGCCTATCCCAACCCTGGACCAAGCACATCACAGCCGCAGAGCAGCATGGGATACTCAGCTACCTCCCAGCAGCCTCCACAGTACTCACATCAGACACATCGGTAC,464,1392
CDK9,ENST00000373264.5,MAKQYDSVECPFCDEVSKYEKLAKIGQGTFGEVFKARHRKTGQKVALKKVLMENEKEGFPITALREIKILQLLKHENVVNLIEICRTKASPYNRCKGSIYLVFDFCEHDLAGLLSNVLVKFTLSEIKRVMQMLLNGLYYIHRNKILHRDMKAANVLITRDGVLKLADFGLARAFSLAKNSQPNRYTNRVVTLWYRPPELLLGERDYGPPIDLWGAGCIMAEMWTRSPIMQGNTEQHQLALISQLCGSITPEVWPNVDNYELYEKLELVKGQKRKVKDRLKAYVRDPYALDLIDKLLVLDPAQRIDSDDALNHDFFWSDPMPSDLKGMLSTHLTSMFEYLAPPRRKGSQITQQSTNQSRNPATTNQTEFERVF,ATGGCAAAGCAGTACGACTCGGTGGAGTGCCCTTTTTGTGATGAAGTTTCCAAATACGAGAAGCTCGCCAAGATCGGCCAAGGCACCTTCGGGGAGGTGTTCAAGGCCAGGCACCGCAAGACCGGCCAGAAGGTGGCTCTGAAGAAGGTGCTGATGGAAAACGAGAAGGAGGGGTTCCCCATTACAGCCTTGCGGGAGATCAAGATCCTTCAGCTTCTAAAACACGAGAATGTGGTCAACTTGATTGAGATTTGTCGAACCAAAGCTTCCCCCTATAACCGCTGCAAGGGTAGTATATACCTGGTGTTCGACTTCTGCGAGCATGACCTTGCTGGGCTGTTGAGCAATGTTTTGGTCAAGTTCACGCTGTCTGAGATCAAGAGGGTGATGCAGATGCTGCTTAACGGCCTCTACTACATCCACAGAAACAAGATCCTGCATAGGGACATGAAGGCTGCTAATGTGCTTATCACTCGTGATGGGGTCCTGAAGCTGGCAGACTTTGGGCTGGCCCGGGCCTTCAGCCTGGCCAAGAACAGCCAGCCCAACCGCTACACCAACCGTGTGGTGACACTCTGGTACCGGCCCCCGGAGCTGTTGCTCGGGGAGCGGGACTACGGCCCCCCCATTGACCTGTGGGGTGCTGGGTGCATCATGGCAGAGATGTGGACCCGCAGCCCCATCATGCAGGGCAACACGGAGCAGCACCAACTCGCCCTCATCAGTCAGCTCTGCGGCTCCATCACCCCTGAGGTGTGGCCAAACGTGGACAACTATGAGCTGTACGAAAAGCTGGAGCTGGTCAAGGGCCAGAAGCGGAAGGTGAAGGACAGGCTGAAGGCCTATGTGCGTGACCCATACGCACTGGACCTCATCGACAAGCTGCTGGTGCTGGACCCTGCCCAGCGCATCGACAGCGATGACGCCCTCAACCACGACTTCTTCTGGTCCGACCCCATGCCCTCCGACCTCAAGGGCATGCTCTCCACCCACCTGACGTCCATGTTCGAGTACTTGGCACCACCGCGCCGGAAGGGCAGCCAGATCACCCAGCAGTCCACCAACCAGAGTCGCAATCCCGCCACCACCAACCAGACGGAGTTTGAGCGCGTCTTC,372,1116
CDK12,ENST00000447079.6,MPNSERHGGKKDGSGGASGTLQPSSGGGSSNSRERHRLVSKHKRHKSKHSKDMGLVTPEAASLGTVIKPLVEYDDISSDSDTFSDDMAFKLDRRENDERRGSDRSDRLHKHRHHQHRRSRDLLKAKQTEKEKSQEVSSKSGSMKDRISGSSKRSNEETDDYGKAQVAKSSSKESRSSKLHKEKTRKERELKSGHKDRSKSHRKRETPKSYKTVDSPKRRSRSPHRKWSDSSKQDDSPSGASYGQDYDLSPSRSHTSSNYDSYKKSPGSTSRRQSVSPPYKEPSAYQSSTRSPSPYSRRQRSVSPYSRRRSSSYERSGSYSGRSPSPYGRRRSSSPFLSKRSLSRSPLPSRKSMKSRSRSPAYSRHSSSHSKKKRSSSRSRHSSISPVRLPLNSSLGAELSRKKKERAAAAAAAKMDGKESKGSPVFLPRKENSSVEAKDSGLESKKLPRSVKLEKSAPDTELVNVTHLNTEVKNSSDTGKVKLDENSEKHLVKDLKAQGTRDSKPIALKEEIVTPKETETSEKETPPPLPTIASPPPPLPTTTPPPQTPPLPPLPPIPALPQQPPLPPSQPAFSQVPASSTSTLPPSTHSKTSAVSSQANSQPPVQVSVKTQVSVTAAIPHLKTSTLPPLPLPPLLPGDDDMDSPKETLPSKPVKKEKEQRTRHLLTDLPLPPELPGGDLSPPDSPEPKAITPPQQPYKKRPKICCPRYGERRQTESDWGKRCVDKFDIIGIIGEGTYGQVYKAKDKDTGELVALKKVRLDNEKEGFPITAIREIKILRQLIHRSVVNMKEIVTDKQDALDFKKDKGAFYLVFEYMDHDLMGLLESGLVHFSEDHIKSFMKQLMEGLEYCHKKNFLHRDIKCSNILLNNSGQIKLADFGLARLYNSEESRPYTNKVITLWYRPPELLLGEERYTPAIDVWSCGCILGELFTKKPIFQANLELAQLELISRLCGSPCPAVWPDVIKLPYFNTMKPKKQYRRRLREEFSFIPSAALDLLDHMLTLDPSKRCTAEQTLQSDFLKDVELSKMAPPDLPHWQDCHELWSKKRRRQRQSGVVVEEPPPSKTSRKETTSGTSTEPVKNSSPAPPQPAPGKVESGAGDAIGLADITQQLNQSELAVLLNLLQSQTDLSIPQMAQLLNIHSNPEMQQQLEALNQSISALTEATSQQQDSETMAPEESLKEAPSAPVILPSAEQTTLEASSTPADMQNILAVLLSQLMKTQEPAGSLEENNSDKNSGPQGPRRTPTMPQEEAAACPPHILPPEKRPPEPPGPPPPPPPPPLVEGDLSSAPQELNPAVTAALLQLLSQPEAEPPGHLPHEHQALRPMEYSTRPRPNRTYGNTDGPETGFSAIDTDERNSGPALTESLVQTLVKNRTFSGSLSHLGESSSYQGTGSVQFPGDQDLRFARVPLALHPVVGQPFLKAEGSSNSVVHAETKLQNYGELGPGTTGASSSGAGLHWGGPTQSSAYGKLYRGPTRVPPRGGRGRGVPY,ATGCCCAATTCAGAGAGACATGGGGGCAAGAAGGACGGGAGTGGAGGAGCTTCTGGAACTTTGCAGCCGTCATCGGGAGGCGGCAGCTCTAACAGCAGAGAGCGTCACCGCTTGGTATCGAAGCACAAGCGGCATAAGTCCAAACACTCCAAAGACATGGGGTTGGTGACCCCCGAAGCAGCATCCCTGGGCACAGTTATCAAACCTTTGGTGGAGTATGATGATATCAGCTCTGATTCCGACACCTTCTCCGATGACATGGCCTTCAAACTAGACCGAAGGGAGAACGACGAACGTCGTGGATCAGATCGGAGCGACCGCCTGCACAAACATCGTCACCACCAGCACAGGCGTTCCCGGGACTTACTAAAAGCTAAACAGACCGAAAAAGAAAAAAGCCAAGAAGTCTCCAGCAAGTCGGGATCGATGAAGGACCGGATATCGGGAAGTTCAAAGCGTTCGAATGAGGAGACTGATGACTATGGGAAGGCGCAGGTAGCCAAAAGCAGCAGCAAGGAATCCAGGTCATCCAAGCTCCACAAGGAGAAGACCAGGAAAGAACGGGAGCTGAAGTCTGGGCACAAAGACCGGAGTAAAAGTCATCGAAAAAGGGAAACACCCAAAAGTTACAAAACAGTGGACAGCCCAAAACGGAGATCCAGGAGCCCCCACAGGAAGTGGTCTGACAGCTCCAAACAAGATGATAGCCCCTCGGGAGCTTCTTATGGCCAAGATTATGACCTTAGTCCCTCACGATCTCATACCTCGAGCAATTATGACTCCTACAAGAAAAGTCCTGGAAGTACCTCGAGAAGGCAGTCGGTCAGTCCCCCTTACAAGGAGCCTTCGGCCTACCAGTCCAGCACCCGGTCACCGAGCCCCTACAGTAGGCGACAGAGATCTGTCAGTCCCTATAGCAGGAGACGGTCGTCCAGCTACGAAAGAAGTGGCTCTTACAGCGGGCGATCGCCCAGTCCCTATGGTCGAAGGCGGTCCAGCAGCCCTTTCCTGAGCAAGCGGTCTCTGAGTCGGAGTCCACTCCCCAGTAGGAAATCCATGAAGTCCAGAAGTAGAAGTCCTGCATATTCAAGACATTCATCTTCTCATAGTAAAAAGAAGAGATCCAGTTCACGCAGTCGTCATTCCAGTATCTCACCTGTCAGGCTTCCACTTAATTCCAGTCTGGGAGCTGAACTCAGTAGGAAAAAGAAGGAAAGAGCAGCTGCTGCTGCTGCAGCAAAGATGGATGGAAAGGAGTCCAAGGGTTCACCTGTATTTTTGCCTAGAAAAGAGAACAGTTCAGTAGAGGCTAAGGATTCAGGTTTGGAGTCTAAAAAGTTACCCAGAAGTGTAAAATTGGAAAAATCTGCCCCAGATACTGAACTGGTGAATGTAACACATCTAAACACAGAGGTAAAAAATTCTTCAGATACAGGGAAAGTAAAGTTGGATGAGAACTCCGAGAAGCATCTTGTTAAAGATTTGAAAGCACAGGGAACAAGAGACTCTAAACCCATAGCACTGAAAGAGGAGATTGTTACTCCAAAGGAGACAGAAACATCAGAAAAGGAGACCCCTCCACCTCTTCCCACAATTGCTTCTCCCCCACCCCCTCTACCAACTACTACCCCTCCACCTCAGACACCCCCTTTGCCACCTTTGCCTCCAATACCAGCTCTTCCACAGCAACCACCTCTGCCTCCTTCTCAGCCAGCATTTAGTCAGGTTCCTGCTTCCAGTACTTCAACTTTGCCCCCTTCTACTCACTCAAAGACATCTGCTGTGTCCTCTCAGGCAAATTCTCAGCCCCCTGTACAGGTTTCTGTGAAGACTCAAGTATCTGTAACAGCTGCTATTCCACACCTGAAAACTTCAACGTTGCCTCCTTTGCCCCTCCCACCCTTATTACCTGGAGATGATGACATGGATAGTCCAAAAGAAACTCTTCCTTCAAAACCTGTGAAGAAAGAGAAGGAACAGAGGACACGTCACTTACTCACAGACCTTCCTCTCCCTCCAGAGCTCCCTGGTGGAGATCTGTCTCCCCCAGACTCTCCAGAACCAAAGGCAATCACACCACCTCAGCAACCATATAAAAAGAGACCAAAAATTTGTTGTCCTCGTTATGGAGAAAGAAGACAAACAGAAAGCGACTGGGGGAAACGCTGTGTGGACAAGTTTGACATTATTGGGATTATTGGAGAAGGAACCTATGGCCAAGTATATAAAGCCAAGGACAAAGACACAGGAGAACTAGTGGCTCTGAAGAAGGTGAGACTAGACAATGAGAAAGAGGGCTTCCCAATCACAGCCATTCGTGAAATCAAAATCCTTCGTCAGTTAATCCACCGAAGTGTTGTTAACATGAAGGAAATTGTCACAGATAAACAAGATGCACTGGATTTCAAGAAGGACAAAGGTGCCTTTTACCTTGTATTTGAGTATATGGACCATGACTTAATGGGACTGCTAGAATCTGGTTTGGTGCACTTTTCTGAGGACCATATCAAGTCGTTCATGAAACAGCTAATGGAAGGATTGGAATACTGTCACAAAAAGAATTTCCTGCATCGGGATATTAAGTGTTCTAACATTTTGCTGAATAACAGTGGGCAAATCAAACTAGCAGATTTTGGACTTGCTCGGCTCTATAACTCTGAAGAGAGTCGCCCTTACACAAACAAAGTCATTACTTTGTGGTACCGACCTCCAGAACTACTGCTAGGAGAGGAACGTTACACACCAGCCATAGATGTTTGGAGCTGTGGATGTATTCTTGGGGAACTATTCACAAAGAAGCCTATTTTTCAAGCCAATCTGGAACTGGCTCAGCTAGAACTGATCAGCCGACTTTGTGGTAGCCCTTGTCCAGCTGTGTGGCCTGATGTTATCAAACTGCCCTACTTCAACACCATGAAACCGAAGAAGCAATATCGAAGGCGTCTACGAGAAGAATTCTCTTTCATTCCTTCTGCAGCACTTGATTTATTGGACCACATGCTGACACTAGATCCTAGTAAGCGGTGCACAGCTGAACAGACCCTACAGAGCGACTTCCTTAAAGATGTCGAACTCAGCAAAATGGCTCCTCCAGACCTCCCCCACTGGCAGGATTGCCATGAGTTGTGGAGTAAGAAACGGCGACGTCAGCGACAAAGTGGTGTTGTAGTCGAAGAGCCACCTCCATCCAAAACTTCTCGAAAAGAAACTACCTCAGGGACAAGTACTGAGCCTGTGAAGAACAGCAGCCCAGCACCACCTCAGCCTGCTCCTGGCAAGGTGGAGTCTGGGGCTGGGGATGCAATAGGCCTTGCTGACATCACACAACAGCTGAATCAAAGTGAATTGGCAGTGTTATTAAACCTGCTGCAGAGCCAAACCGACCTGAGCATCCCTCAAATGGCACAGCTGCTTAACATCCACTCCAACCCAGAGATGCAGCAGCAGCTGGAAGCCCTGAACCAATCCATCAGTGCCCTGACGGAAGCTACTTCCCAGCAGCAGGACTCAGAGACCATGGCCCCAGAGGAGTCTTTGAAGGAAGCACCCTCTGCCCCAGTGATCCTGCCTTCAGCAGAACAGACGACCCTTGAAGCTTCAAGCACACCAGCTGACATGCAGAATATATTGGCAGTTCTCTTGAGTCAGCTGATGAAAACCCAAGAGCCAGCAGGCAGTCTGGAGGAAAACAACAGTGACAAGAACAGTGGGCCACAGGGGCCCCGAAGAACTCCCACAATGCCACAGGAGGAGGCAGCAGCATGTCCTCCTCACATTCTTCCACCAGAGAAGAGGCCCCCTGAGCCCCCCGGACCTCCACCGCCGCCACCTCCACCCCCTCTGGTTGAAGGCGATCTTTCCAGCGCCCCCCAGGAGTTGAACCCAGCCGTGACAGCCGCCTTGCTGCAACTTTTATCCCAGCCTGAAGCAGAGCCTCCTGGCCACCTGCCACATGAGCACCAGGCCTTGAGACCAATGGAGTACTCCACCCGACCCCGTCCAAACAGGACTTATGGAAACACTGATGGGCCTGAAACAGGGTTCAGTGCCATTGACACTGATGAACGAAACTCTGGTCCAGCCTTGACAGAATCCTTGGTCCAGACCCTGGTGAAGAACAGGACCTTCTCAGGCTCTCTGAGCCACCTTGGGGAGTCCAGCAGTTACCAGGGCACAGGGTCAGTGCAGTTTCCAGGGGACCAGGACCTCCGTTTTGCCAGGGTCCCCTTAGCGTTACACCCGGTGGTCGGGCAACCATTCCTGAAGGCTGAGGGAAGCAGCAATTCTGTGGTACATGCAGAGACCAAATTGCAAAACTATGGGGAGCTGGGGCCAGGAACCACTGGGGCCAGCAGCTCAGGAGCAGGCCTTCACTGGGGGGGCCCAACTCAGTCTTCTGCTTATGGAAAACTCTATCGGGGGCCTACAAGAGTCCCACCAAGAGGGGGAAGAGGGAGAGGAGTTCCTTAC,1490,4470
CDK13,ENST00000181839.10,MPSSSDTALGGGGGLSWAEKKLEERRKRRRFLSPQQPPLLLPLLQPQLLQPPPPPPPLLFLAAPGTAAAAAAAAAASSSCFSPGPPLEVKRLARGKRRAGGRQKRRRGPRAGQEAEKRRVFSLPQPQQDGGGGASSGGGVTPLVEYEDVSSQSEQGLLLGGASAATAATAAGGTGGSGGSPASSSGTQRRGEGSERRPRRDRRSSSGRSKERHREHRRRDGQRGGSEASKSRSRHSHSGEERAEVAKSGSSSSSGGRRKSASATSSSSSSRKDRDSKAHRSRTKSSKEPPSAYKEPPKAYREDKTEPKAYRRRRSLSPLGGRDDSPVSHRASQSLRSRKSPSPAGGGSSPYSRRLPRSPSPYSRRRSPSYSRHSSYERGGDVSPSPYSSSSWRRSRSPYSPVLRRSGKSRSRSPYSSRHSRSRSRHRLSRSRSRHSSISPSTLTLKSSLAAELNKNKKARAAEAARAAEAAKAAEATKAAEAAAKAAKASNTSTPTKGNTETSASASQTNHVKDVKKIKIEHAPSPSSGGTLKNDKAKTKPPLQVTKVENNLIVDKATKKAVIVGKESKSAATKEESVSLKEKTKPLTPSIGAKEKEQHVALVTSTLPPLPLPPMLPEDKEADSLRGNISVKAVKKEVEKKLRCLLADLPLPPELPGGDDLSKSPEEKKTATQLHSKRRPKICGPRYGETKEKDIDWGKRCVDKFDIIGIIGEGTYGQVYKARDKDTGEMVALKKVRLDNEKEGFPITAIREIKILRQLTHQSIINMKEIVTDKEDALDFKKDKGAFYLVFEYMDHDLMGLLESGLVHFNENHIKSFMRQLMEGLDYCHKKNFLHRDIKCSNILLNNRGQIKLADFGLARLYSSEESRPYTNKVITLWYRPPELLLGEERYTPAIDVWSCGCILGELFTKKPIFQANQELAQLELISRICGSPCPAVWPDVIKLPYFNTMKPKKQYRRKLREEFVFIPAAALDLFDYMLALDPSKRCTAEQALQCEFLRDVEPSKMPPPDLPLWQDCHELWSKKRRRQKQMGMTDDVSTIKAPRKDLSLGLDDSRTNTPQGVLPSSQLKSQGSSNVAPVKTGPGQHLNHSELAILLNLLQSKTSVNMADFVQVLNIKVNSETQQQLNKINLPAGILATGEKQTDPSTPQQESSKPLGGIQPSSQTIQPKVETDAAQAAVQSAFAVLLTQLIKAQQSKQKDVLLEERENGSGHEASLQLRPPPEPSTPVSGQDDLIQHQDMRILELTPEPDRPRILPPDQRPPEPPEPPPVTEEDLDYRTENQHVPTTSSSLTDPHAGVKAALLQLLAQHQPQDDPKREGGIDYQAGDTYVSTSDYKDNFGSSSFSSAPYVSNDGLGSSSAPPLERRSFIGNSDIQSLDNYSTASSHSGGPPQPSAFSESFPSSVAGYGDIYLNAGPMLFSGDKDHRFEYSHGPIAVLANSSDPSTGPESTHPLPAKMHNYNYGGNLQENPSGPSLMHGQTWTSPAQGPGYSQGYRGHISTSTGRGRGRGLPY,ATGCCGAGCAGCTCGGACACGGCGCTGGGGGGAGGCGGGGGCCTGAGCTGGGCGGAGAAGAAGTTGGAGGAACGCCGCAAGCGGAGGCGATTCCTGTCCCCTCAGCAGCCGCCGCTGCTGTTGCCGCTCCTGCAGCCGCAGCTCCTGCAACCGCCGCCGCCCCCGCCGCCTCTGCTCTTCCTGGCTGCTCCCGGCACGGCCGCCGCCGCAGCCGCCGCCGCCGCGGCCTCCTCCTCTTGCTTCAGCCCGGGCCCCCCTCTGGAGGTCAAGCGGCTGGCGAGAGGCAAGAGGCGCGCAGGAGGGCGGCAGAAGCGGCGTCGCGGGCCCCGCGCCGGGCAGGAGGCGGAGAAGCGTCGGGTCTTCTCGCTGCCCCAGCCGCAGCAGGACGGCGGTGGCGGTGCTAGTAGCGGCGGGGGTGTGACCCCGCTGGTGGAATACGAGGATGTGAGCTCCCAGTCCGAGCAGGGGCTGCTGCTGGGGGGGGCCAGCGCGGCAACGGCGGCGACGGCTGCCGGGGGAACGGGGGGCAGCGGCGGGAGTCCGGCCTCCTCCTCCGGCACCCAGCGGCGCGGGGAGGGGTCGGAGCGCAGGCCCCGCCGGGACCGCCGCAGCAGCAGTGGCCGCAGCAAGGAGCGCCACCGCGAGCACCGGCGGCGGGATGGGCAGCGCGGTGGCAGCGAGGCCTCCAAGTCCCGCAGCCGCCACAGCCACAGCGGCGAGGAACGGGCCGAGGTCGCCAAGAGCGGCAGCAGCAGCAGCAGCGGCGGCCGCCGGAAAAGCGCTTCGGCCACATCCAGCAGCAGTAGCAGCCGCAAGGACCGGGACTCGAAGGCCCACCGCAGCCGGACTAAGTCGTCCAAGGAGCCGCCTTCGGCCTACAAGGAACCGCCCAAGGCCTACCGGGAGGACAAGACCGAGCCTAAGGCCTACAGGCGGCGGCGGTCCCTCAGCCCACTGGGAGGCCGGGACGACAGCCCGGTGTCCCACAGGGCCTCTCAGAGCCTGAGGAGCCGCAAGTCCCCCAGCCCGGCAGGAGGTGGCAGCAGCCCCTATTCTCGGCGGCTGCCGCGCTCCCCGAGCCCCTACAGTCGCCGCCGCTCCCCCAGCTACAGCCGCCACAGCTCCTACGAGCGGGGCGGCGACGTGTCCCCTAGTCCCTACAGCAGCAGCAGCTGGCGCCGCTCTCGCAGTCCCTACAGCCCTGTGCTCAGACGGTCTGGAAAATCCCGAAGCAGAAGCCCGTATTCATCTAGGCATTCAAGATCTCGTAGCAGGCACAGATTGTCTAGATCCAGAAGTCGTCATTCTAGTATTTCTCCTAGCACACTAACTCTGAAGAGTAGCCTGGCAGCTGAATTGAACAAGAATAAAAAAGCACGAGCAGCAGAGGCAGCAAGAGCCGCAGAAGCAGCGAAAGCTGCAGAAGCAACTAAGGCTGCTGAGGCTGCTGCCAAGGCTGCAAAAGCTTCAAACACTTCTACACCTACCAAGGGGAACACGGAAACTAGTGCCAGTGCATCACAAACAAACCATGTGAAGGATGTGAAGAAAATTAAAATTGAACATGCACCTTCTCCCTCAAGTGGTGGAACTTTAAAAAATGACAAAGCAAAAACAAAGCCACCTCTTCAGGTAACGAAGGTGGAAAATAATTTGATTGTAGATAAAGCCACCAAGAAAGCAGTCATAGTTGGAAAGGAGAGTAAATCTGCTGCTACAAAGGAGGAATCAGTATCTCTTAAAGAGAAAACCAAACCACTTACACCAAGCATAGGAGCCAAGGAGAAGGAGCAACATGTAGCTTTAGTCACCTCTACATTACCACCGTTACCTTTGCCTCCCATGCTGCCTGAAGATAAAGAAGCTGATAGCTTACGAGGAAATATTTCAGTAAAAGCAGTTAAAAAAGAAGTAGAAAAGAAACTCCGATGTCTTCTTGCTGATTTACCGCTGCCCCCTGAGCTACCAGGAGGAGATGATCTTTCAAAGAGTCCAGAGGAAAAGAAAACAGCAACACAGTTACATAGTAAAAGGAGGCCTAAAATATGTGGGCCTCGCTATGGTGAAACCAAAGAAAAAGATATTGACTGGGGAAAACGCTGCGTGGATAAATTTGATATCATCGGAATTATTGGAGAAGGTACTTACGGACAAGTTTACAAAGCCAGGGATAAAGACACTGGAGAAATGGTAGCCTTAAAAAAAGTACGTCTGGATAATGAAAAGGAAGGCTTTCCAATTACAGCAATTCGAGAAATTAAAATTCTCCGGCAGCTTACCCATCAGAGTATTATCAATATGAAGGAAATAGTGACTGATAAAGAAGATGCTTTGGATTTCAAGAAGGACAAAGGTGCATTTTATCTGGTGTTTGAATATATGGACCATGATCTGATGGGACTACTGGAATCAGGCTTGGTTCATTTTAATGAAAATCACATAAAGTCATTTATGAGACAGCTCATGGAGGGTCTGGATTATTGTCATAAGAAGAACTTTTTGCATAGAGATATTAAATGTTCCAATATCCTTCTAAATAATAGAGGGCAGATAAAACTTGCAGACTTTGGACTTGCTCGATTGTATAGCTCAGAAGAAAGTCGGCCGTATACTAACAAGGTAATTACTTTATGGTACCGTCCACCTGAACTGCTACTGGGAGAAGAACGATACACACCAGCCATTGATGTATGGAGCTGTGGCTGTATCCTTGGCGAACTCTTCACTAAAAAACCTATATTTCAAGCAAATCAGGAACTTGCACAACTAGAATTAATAAGCCGAATATGTGGGAGTCCATGTCCTGCAGTGTGGCCTGATGTAATCAAACTACCATATTTCAACACCATGAAACCAAAGAAGCAATATCGTCGAAAGTTAAGAGAAGAATTTGTTTTTATTCCTGCAGCTGCGCTAGACTTATTTGATTACATGCTTGCCTTGGATCCTAGTAAGCGCTGCACTGCTGAACAGGCTCTTCAGTGCGAGTTCCTCCGAGATGTGGAACCCTCAAAAATGCCTCCACCAGATCTCCCTTTATGGCAAGATTGTCATGAGTTATGGAGTAAAAAGCGAAGAAGACAGAAGCAGATGGGCATGACTGATGATGTTTCCACAATTAAAGCCCCCAGGAAGGACTTGTCTCTGGGCTTGGATGACAGCAGAACCAACACACCCCAGGGTGTGCTGCCATCTTCACAGCTGAAATCTCAGGGCAGCTCAAATGTGGCACCTGTAAAAACAGGCCCTGGACAGCACTTAAACCACAGTGAATTGGCAATTCTACTAAACCTACTACAATCTAAAACAAGTGTTAATATGGCTGATTTTGTCCAAGTGTTGAACATTAAGGTAAACTCTGAGACTCAACAGCAGCTAAATAAAATAAACCTTCCTGCTGGAATTTTGGCAACAGGTGAAAAACAGACAGATCCATCAACACCACAACAGGAGTCTTCGAAACCGTTGGGAGGAATTCAGCCTTCTTCTCAGACCATCCAGCCTAAAGTGGAGACTGATGCTGCCCAGGCGGCTGTGCAGAGTGCATTTGCAGTTCTGTTGACTCAGTTAATAAAGGCTCAGCAGTCAAAGCAGAAAGATGTGCTACTAGAAGAGAGGGAAAATGGATCGGGACATGAAGCGTCATTACAACTCAGGCCACCTCCAGAACCTAGCACTCCGGTGTCGGGACAAGATGACCTCATCCAGCATCAAGATATGAGGATCTTGGAGCTAACGCCAGAACCAGACCGGCCTCGAATTCTGCCTCCTGACCAACGACCTCCCGAGCCTCCTGAACCACCACCAGTCACTGAGGAAGATCTAGATTATCGGACAGAAAACCAGCATGTACCCACCACCAGTTCTTCATTAACTGACCCTCATGCCGGAGTGAAGGCAGCCCTGTTACAGCTGCTTGCTCAGCATCAGCCCCAGGATGACCCCAAAAGAGAAGGTGGGATTGATTATCAAGCAGGAGACACTTACGTGTCCACTTCAGACTACAAGGACAACTTTGGATCCTCTTCTTTCTCTTCTGCTCCTTATGTTAGCAATGATGGTCTAGGAAGCAGTTCTGCTCCACCACTAGAACGACGTAGTTTCATTGGAAATTCAGATATTCAGTCTTTGGATAACTACAGTACTGCTTCATCTCATTCTGGTGGTCCACCTCAGCCTTCTGCCTTTTCTGAGTCATTTCCCAGTTCAGTAGCTGGATATGGAGACATTTACCTCAATGCTGGTCCCATGTTGTTTAGTGGAGACAAGGACCATAGATTTGAATATAGCCATGGTCCTATTGCAGTCCTGGCAAACAGCAGTGACCCTTCCACGGGGCCAGAGAGTACTCATCCTTTGCCAGCAAAGATGCACAACTATAACTATGGTGGTAACTTACAGGAAAATCCGAGTGGCCCCAGCCTCATGCATGGACAGACCTGGACTTCTCCTGCCCAAGGACCTGGATATTCACAAGGATACAGGGGACATATTAGCACATCAACTGGCAGAGGCAGAGGCAGAGGGTTACCATAC,1512,4536
CDK19,ENST00000368911.8,MDYDFKAKLAAERERVEDLFEYEGCKVGRGTYGHVYKARRKDGKDEKEYALKQIEGTGISMSACREIALLRELKHPNVIALQKVFLSHSDRKVWLLFDYAEHDLWHIIKFHRASKANKKPMQLPRSMVKSLLYQILDGIHYLHANWVLHRDLKPANILVMGEGPERGRVKIADMGFARLFNSPLKPLADLDPVVVTFWYRAPELLLGARHYTKAIDIWAIGCIFAELLTSEPIFHCRQEDIKTSNPFHHDQLDRIFSVMGFPADKDWEDIRKMPEYPTLQKDFRRTTYANSSLIKYMEKHKVKPDSKVFLLLQKLLTMDPTKRITSEQALQDPYFQEDPLPTLDVFAGCQIPYPKREFLNEDDPEEKGDKNQQQQQNQHQQPTAPPQQAAAPPQAPPPQQNSTQTNGTAGGAGAGVGGTGAGLQHSQDSSLNQVPPNKKPRLGPSGANSGGPVMPSDYQHSSSRLNYQSSVQGSSQSQSTLGYSSSSQQSSQYHPSHQAHRY,ATGGATTATGATTTCAAGGCGAAGCTGGCGGCGGAGCGGGAGCGGGTGGAGGATTTGTTTGAGTACGAAGGGTGCAAAGTGGGACGCGGCACCTACGGTCACGTCTACAAGGCGAGGCGGAAAGATGGAAAAGATGAAAAGGAATATGCATTGAAGCAAATTGAAGGCACAGGAATATCCATGTCGGCTTGTAGAGAGATTGCACTTTTGCGAGAATTGAAGCACCCTAATGTGATTGCATTGCAGAAGGTGTTCCTTTCTCACAGTGACAGGAAGGTATGGCTGCTGTTTGATTATGCAGAGCATGACTTGTGGCATATTATTAAGTTTCACCGTGCATCAAAAGCAAATAAAAAGCCCATGCAGTTGCCAAGATCTATGGTTAAATCCTTACTTTACCAGATTCTTGATGGTATCCATTACCTCCATGCAAATTGGGTGCTTCACAGAGACTTGAAACCAGCAAATATCCTAGTAATGGGAGAAGGTCCTGAGAGGGGGAGAGTCAAAATAGCTGACATGGGTTTTGCCAGATTATTCAATTCTCCTCTAAAGCCACTAGCAGATTTGGATCCAGTAGTTGTGACATTTTGGTATCGGGCTCCAGAACTTTTGCTTGGTGCAAGGCATTATACAAAGGCCATTGATATATGGGCAATAGGTTGTATATTTGCTGAATTGTTGACTTCGGAACCTATTTTTCACTGTCGTCAGGAAGATATAAAAACAAGCAATCCCTTTCATCATGATCAACTGGATCGGATATTTAGTGTCATGGGGTTTCCTGCAGATAAAGACTGGGAAGATATTAGAAAGATGCCAGAATATCCCACACTTCAAAAAGACTTTAGAAGAACAACGTATGCCAACAGTAGCCTCATAAAGTACATGGAGAAACACAAGGTCAAGCCTGACAGCAAAGTGTTCCTCTTGCTTCAGAAACTCCTGACCATGGATCCAACCAAGAGAATTACCTCGGAGCAAGCTCTGCAGGATCCCTATTTTCAGGAGGACCCTTTGCCAACATTAGATGTATTTGCCGGCTGCCAGATTCCATACCCCAAACGAGAATTCCTTAATGAAGATGATCCTGAAGAAAAAGGTGACAAGAATCAGCAACAGCAGCAGAACCAGCATCAGCAGCCCACAGCCCCTCCACAGCAGGCAGCAGCCCCTCCACAGGCGCCCCCACCACAGCAGAACAGCACCCAGACCAACGGGACCGCAGGTGGGGCTGGGGCCGGGGTCGGGGGCACCGGAGCAGGGTTGCAGCACAGCCAGGACTCCAGCCTGAACCAGGTGCCTCCAAACAAGAAGCCACGGCTAGGGCCTTCAGGCGCAAACTCAGGTGGACCTGTGATGCCCTCGGATTATCAGCACTCCAGTTCTCGCCTGAATTACCAAAGCAGCGTTCAGGGATCCTCTCAGTCCCAGAGCACACTTGGCTACTCTTCCTCGTCTCAGCAGAGCTCACAGTACCACCCATCTCACCAGGCCCACCGGTAC,502,1506
CDK2,ENST00000266970.9,MENFQKVEKIGEGTYGVVYKARNKLTGEVVALKKIRLDTETEGVPSTAIREISLLKELNHPNIVKLLDVIHTENKLYLVFEFLHQDLKKFMDASALTGIPLPLIKSYLFQLLQGLAFCHSHRVLHRDLKPQNLLINTEGAIKLADFGLARAFGVPVRTYTHEVVTLWYRAPEILLGCKYYSTAVDIWSLGCIFAEMVTRRALFPGDSEIDQLFRIFRTLGTPDEVVWPGVTSMPDYKPSFPKWARQDFSKVVPPLDEDGRSLLSQMLHYDPNKRISAKAALAHPFFQDVTKPVPHLRL,ATGGAGAACTTCCAAAAGGTGGAAAAGATCGGAGAGGGCACGTACGGAGTTGTGTACAAAGCCAGAAACAAGTTGACGGGAGAGGTGGTGGCGCTTAAGAAAATCCGCCTGGACACTGAGACTGAGGGTGTGCCCAGTACTGCCATCCGAGAGATCTCTCTGCTTAAGGAGCTTAACCATCCTAATATTGTCAAGCTGCTGGATGTCATTCACACAGAAAATAAACTCTACCTGGTTTTTGAATTTCTGCACCAAGATCTCAAGAAATTCATGGATGCCTCTGCTCTCACTGGCATTCCTCTTCCCCTCATCAAGAGCTATCTGTTCCAGCTGCTCCAGGGCCTAGCTTTCTGCCATTCTCATCGGGTCCTCCACCGAGACCTTAAACCTCAGAATCTGCTTATTAACACAGAGGGGGCCATCAAGCTAGCAGACTTTGGACTAGCCAGAGCTTTTGGAGTCCCTGTTCGTACTTACACCCATGAGGTGGTGACCCTGTGGTACCGAGCTCCTGAAATCCTCCTGGGCTGCAAATATTATTCCACAGCTGTGGACATCTGGAGCCTGGGCTGCATCTTTGCTGAGATGGTGACTCGCCGGGCCCTATTCCCTGGAGATTCTGAGATTGACCAGCTCTTCCGGATCTTTCGGACTCTGGGGACCCCAGATGAGGTGGTGTGGCCAGGAGTTACTTCTATGCCTGATTACAAGCCAAGTTTCCCCAAGTGGGCCCGGCAAGATTTTAGTAAAGTTGTACCTCCCCTGGATGAAGATGGACGGAGCTTGTTATCGCAAATGCTGCACTACGACCCTAACAAGCGGATTTCGGCCAAGGCAGCCCTGGCTCACCCTTTCTTCCAGGATGTGACCAAGCCAGTACCCCATCTTCGACTC,298,894
CDK4,ENST00000257904.11,MATSRYEPVAEIGVGAYGTVYKARDPHSGHFVALKSVRVPNGGGGGGGLPISTVREVALLRRLEAFEHPNVVRLMDVCATSRTDREIKVTLVFEHVDQDLRTYLDKAPPPGLPAETIKDLMRQFLRGLDFLHANCIVHRDLKPENILVTSGGTVKLADFGLARIYSYQMALTPVVVTLWYRAPEVLLQSTYATPVDMWSVGCIFAEMFRRKPLFCGNSEADQLGKIFDLIGLPPEDDWPRDVSLPRGAFPPRGPRPVQSVVPEMEESGAQLLLEMLTFNPHKRISAFRALQHSYLHKDEGNPE,ATGGCTACCTCTCGATATGAGCCAGTGGCTGAAATTGGTGTCGGTGCCTATGGGACAGTGTACAAGGCCCGTGATCCCCACAGTGGCCACTTTGTGGCCCTCAAGAGTGTGAGAGTCCCCAATGGAGGAGGAGGTGGAGGAGGCCTTCCCATCAGCACAGTTCGTGAGGTGGCTTTACTGAGGCGACTGGAGGCTTTTGAGCATCCCAATGTTGTCCGGCTGATGGACGTCTGTGCCACATCCCGAACTGACCGGGAGATCAAGGTAACCCTGGTGTTTGAGCATGTAGACCAGGACCTAAGGACATATCTGGACAAGGCACCCCCACCAGGCTTGCCAGCCGAAACGATCAAGGATCTGATGCGCCAGTTTCTAAGAGGCCTAGATTTCCTTCATGCCAATTGCATCGTTCACCGAGATCTGAAGCCAGAGAACATTCTGGTGACAAGTGGTGGAACAGTCAAGCTGGCTGACTTTGGCCTGGCCAGAATCTACAGCTACCAGATGGCACTTACACCCGTGGTTGTTACACTCTGGTACCGAGCTCCCGAAGTTCTTCTGCAGTCCACATATGCAACACCTGTGGACATGTGGAGTGTTGGCTGTATCTTTGCAGAGATGTTTCGTCGAAAGCCTCTCTTCTGTGGAAACTCTGAAGCCGACCAGTTGGGCAAAATCTTTGACCTGATTGGGCTGCCTCCAGAGGATGACTGGCCTCGAGATGTATCCCTGCCCCGTGGAGCCTTTCCCCCCAGAGGGCCCCGCCCAGTGCAGTCGGTGGTACCTGAGATGGAGGAGTCGGGAGCACAGCTGCTGCTGGAAATGCTGACTTTTAACCCACACAAGCGAATCTCTGCCTTTCGAGCTCTGCAGCACTCTTATCTACATAAGGATGAAGGTAATCCGGAG,303,909
CDK6,ENST00000424848.3,MEKDGLCRADQQYECVAEIGEGAYGKVFKARDLKNGGRFVALKRVRVQTGEEGMPLSTIREVAVLRHLETFEHPNVVRLFDVCTVSRTDRETKLTLVFEHVDQDLTTYLDKVPEPGVPTETIKDMMFQLLRGLDFLHSHRVVHRDLKPQNILVTSSGQIKLADFGLARIYSFQMALTSVVVTLWYRAPEVLLQSSYATPVDLWSVGCIFAEMFRRKPLFRGSSDVDQLGKILDVIGLPGEEDWPRDVALPRQAFHSKSAQPIEKFVTDIDELGKDLLLKCLTFNPAKRISAYSALSHPYFQDLERCKENLDSHLPPSQNTSELNTA,ATGGAGAAGGACGGCCTGTGCCGCGCTGACCAGCAGTACGAATGCGTGGCGGAGATCGGGGAGGGCGCCTATGGGAAGGTGTTCAAGGCCCGCGACTTGAAGAACGGAGGCCGTTTCGTGGCGTTGAAGCGCGTGCGGGTGCAGACCGGCGAGGAGGGCATGCCGCTCTCCACCATCCGCGAGGTGGCGGTGCTGAGGCACCTGGAGACCTTCGAGCACCCCAACGTGGTCAGGTTGTTTGATGTGTGCACAGTGTCACGAACAGACAGAGAAACCAAACTAACTTTAGTGTTTGAACATGTCGATCAAGACTTGACCACTTACTTGGATAAAGTTCCAGAGCCTGGAGTGCCCACTGAAACCATAAAGGATATGATGTTTCAGCTTCTCCGAGGTCTGGACTTTCTTCATTCACACCGAGTAGTGCATCGCGATCTAAAACCACAGAACATTCTGGTGACCAGCAGCGGACAAATAAAACTCGCTGACTTCGGCCTTGCCCGCATCTATAGTTTCCAGATGGCTCTAACCTCAGTGGTCGTCACGCTGTGGTACAGAGCACCCGAAGTCTTGCTCCAGTCCAGCTACGCCACCCCCGTGGATCTCTGGAGTGTTGGCTGCATATTTGCAGAAATGTTTCGTAGAAAGCCTCTTTTTCGTGGAAGTTCAGATGTTGATCAACTAGGAAAAATCTTGGACGTGATTGGACTCCCAGGAGAAGAAGACTGGCCTAGAGATGTTGCCCTTCCCAGGCAGGCTTTTCATTCAAAATCTGCCCAACCAATTGAGAAGTTTGTAACAGATATCGATGAACTAGGCAAAGACCTACTTCTGAAGTGTTTGACATTTAACCCAGCCAAAAGAATATCTGCCTACAGTGCCCTGTCTCACCCATACTTCCAGGACCTGGAAAGGTGCAAAGAAAACCTGGATTCCCACCTGCCGCCCAGCCAGAACACCTCGGAGCTGAATACAGCC,326,978
