Sample ID,Protospacer,Barcode
CDK1_1,GGGGAAGCTGAGGCAGGAAT,CAGCATATCCTAC
CDK1_2,GGGCAGGGTCCAGCACCAGC,TACTCCGGCTCGT
CDK1_3,GAGCTGACATGGGCTTTGCC,CGAAATCGAGAGG
CDK1_4,GTTCAGTCTACGGGCGCGGG,ACGGGCAGGCAGG
CDK1_5,GCCCCGGAGCTGTTGCTCGG,TCGGATGCCTGAG
CDK1_6,GCTCACCTGTCCCTCCCCAA,TGGATAGATAGGC
CDK1_7,GCAGGTCCTCGACCCGCTCC,CAGGGTTACGTTA
CDK1_8,GAACAAGAAGCCACGGCTAG,GCCGATAGTTCTC
CDK1_9,GCAGCTGACATCCAGGTGTT,CNNCCTCTATACT
CDK1_10,GCTAGGATGTATGGTGTAGG,GGCAGGAGTATTC
CDK1_11,GACCCAGTTAGCATGCAGGT,TGAATGCCATGCT
CDK1_14,GACGTTTGGCCACACCTGGG,CTGGAACTATCAT
CDK1_15,GAGTCCATTGTCACAGCCTC,GATTTCACCACAG
CDK2_2,GGGCCTGAGCTGGGCGGAGA,CTCTATGTGCGAA
CDK2_6,GTGACCCCGCTGGTGGAATA,CACGCCACAGCCA
CDK2_10,GTATTTTATTTAGCTGCTGT,CGGTTCCTCAAGA
CDK2_14,GTAAAGATTTGAAAGCACAG,CATTCAGATTAAG
CDK3_1,GCGCGATGCACTACTCGGTG,ACGGCAGCATCGG
CDK3_2,GCCGGAGTGAGCAATGGAGT,CCTTGCAACCATC
CDK3_3,GCTGAATGGATGTGGCAACA,TACCTGACGCGTC
CDK3_4,GTTGATCGTTTCGGCTGGCA,TTGCCCTGTCAAA
CDK3_5,GGGCTGCATCTTTGCTGAGA,TGAGTTAAGTTGC
CDK3_6,GAGATGGCTCTAACCTCAGT,CCAATACGCACGC
CDK3_7,GGAATGGCTACCTCTCGATA,CATGAGGTTCTCA
CDK3_8,GACTTTACTAAAATCTTGCC,CAGGAGTAGCACA
CDK3_9,GCACCTCGCGGATGGTGGAG,AGTCAGAGGATTA
CDK3_10,GCTCACGAACTGTGCTGATG,GGTGTTAAGGAAG
CDK3_11,GAGGCAGCCCAATCAGGCTG,CCTTATGCGCAGA
CDK3_13,GAATAAAACTCGCTGACTTC,TTCGGATGGCGAT
CDK3_14,GTCCACCATCCGCGAGGTGG,GGGCCTGAGGTTA
CDK3_15,GGTTAAAAGTCAGCATTTCC,GGGCTCATAAGTT