Sample ID,Protospacer,Sensor,Barcode
CDK1.1,gagggcgtcatcgctgtcga,ctgcccagcgcatcgacagcgatggcgccctcaacacgacta,accctgaagagtg
CDK1.2,ggtttgcgcctgaaggccct,gaagccactgctagggccttcaggcgcaaactcaggtggacc,ttctactggcgtc
CDK1.3,gcggcatgtagagaaatagc,acttcacttactgctatttctctacatgccgacatagagatc,cgctggaaagcgt
CDK1.4,gctgagcagcgagcgggagc,gatggggctgcgggtccacatctctgccatgatgcacccagc,aataggtgcaagt
CDK1.5,gaactggatcggatatttag,aaccccatgacactaaatatccgatccagttgatcatgatga,ggcgtgttggtcg
CDK2.1,gcggctgcaggagcggcaac,gccgccgctgctgttgccgctcctgcagccgcagctcctgca,ccttcatattcaa
CDK2.2,gttctttggtttcaccatag,cttctgccgccctcctgcgcgcctcttgcctctcgccagccg,atcaacatcgtgt
CDK2.3,gttggcagttctcttgagtc,ctcttctgctccttatgttagcaatgatggtctaggaagcag,tattgagagtgcg
CDK2.4,gtatggaaaactctatcggg,cactttgattcagctgttgtgtgatgtcagcaaggcctgttg,gtggtctgggtac
CDK2.5,gaccctcatgccggagtgaa,aacagggctgccttcactccggcatgagggtcagttaatgaa,agccacttagaaa
CDK3.1,gagcagattctgaggtttaa,tccaccgagaccttaaacctcagaatctgcttattaacacag,tcacaaatgtcgg
CDK3.2,gttcatggagaacttccaaa,tcttttccaccttttggaagttctccatgaagcgccagcgag,ttatgcagcatgt
CDK3.3,ggaccctaacaagcggattt,ctgccttggccgaaatccgcttgttagggtcgtagtgcagca,caaatgtggtctg
CDK3.4,gggatctctggagtgttggc,tggtcggcttcagagtttccacagaagagaggcctaaggtga,tgtctggcgcatt
CDK3.5,gactaacgccgctcctacag,ggttggtgtcgtttgcggttcttgcgttagctgcgcgtctgg,ctcgggagctaat